,July 2022 actual,July 2024 predicted,Percent change,Monthly average obs
Skill cat: Property and Real Estate,0.016014429581136,0.0148687382791145,-7.154118704115778,1567.4166666666667
