,July 2022 actual,July 2024 predicted,Percent change,Monthly average obs
Valves (Piping),0.0025253312456745,0.0367589041813128,1355.6072295179135,743.125
Solid-State Drives,0.0002988123203439,0.0008411511239526,181.49814003135077,56.395833333333336
PTC Windchill,0.0002089779047453,0.000541417132178,159.07864893079164,50.770833333333336
Ecology,0.0004881053583225,0.0006622483241574,35.677331310884846,96.3125
Risk Awareness,0.0002859258627574,0.000268270685643,-6.174739474120232,183.77083333333334
Microsoft Teams,0.0036288943655563,0.0031088988112849,-14.32931085586136,733.1875
Blogs,0.0018512994421119,0.0001316671298015,-92.88785342843843,549.4791666666666
