,July 2022 actual,July 2024 predicted,Percent change,Monthly average obs
Ecology,0.0004881053583225,5.961364466744204e-05,-87.78672603137984,96.3125
Solid-State Drives,0.0002988123203439,2.3446422920466784e-05,-92.1534617804639,56.395833333333336
Valves (Piping),0.0025253312456745,0.0001555047913944,-93.84220221957989,743.125
Microsoft Teams,0.0036288943655563,0.0001885294489536,-94.80476889206174,733.1875
Strong Academic Record,0.0004750228165115,1.1250604741907318e-05,-97.63156540047274,159.10416666666666
Blogs,0.0018512994421119,2.6062482908885933e-05,-98.59220597618965,549.4791666666666
