,July 2022 actual,July 2024 predicted,Percent change,Monthly average obs
Skill subcat: Microsoft Development Tools,0.0080661224001466,0.0072121052071452,-10.58770435948106,889.9791666666666
