,July 2022 actual,July 2024 predicted,Percent change,Monthly average obs
PTC Windchill,0.0002089779047453,,,50.770833333333336
Strong Academic Record,0.0004750228165115,,,159.10416666666666
Valves (Piping),0.0025253312456745,,,743.125
Solid-State Drives,0.0002988123203439,,,56.395833333333336
Blogs,0.0018512994421119,,,549.4791666666666
Ecology,0.0004881053583225,,,96.3125
Microsoft Teams,0.0036288943655563,,,733.1875
