,July 2022 actual,July 2024 predicted,Percent change,Monthly average obs
PTC Windchill,0.0002089779047453,0.0001891600044291,-9.483251514246849,50.770833333333336
Solid-State Drives,0.0002988123203439,0.000145552139876,-51.28977958188419,56.395833333333336
Blogs,0.0018512994421119,0.000549866427879,-70.29835285577946,549.4791666666666
Strong Academic Record,0.0004750228165115,0.000102701598703,-78.37964932774683,159.10416666666666
Microsoft Teams,0.0036288943655563,0.0005758074611959,-84.13270260327266,733.1875
Ecology,0.0004881053583225,4.6793939958864586e-05,-90.41314766146307,96.3125
Valves (Piping),0.0025253312456745,8.282010748139852e-05,-96.72042597883915,743.125
