,July 2022 actual,July 2024 predicted,Percent change,Monthly average obs
Skill cat: Information Technology,0.3364102610515735,0.3959281246163727,17.69204761434872,107251.25
